0,1,2,3,4,5
1001,Hendra Firmansyah,082738026713,hendra.firmansyah@mail.com,Jalan Garuda No. 29,4000029
1002,Laras Kamil,081533431130,laras.kamil@mail.com,Jalan Merdeka No. 56,4000007
1003,Nia Indarto,081815933619,nia.indarto@mail.com,Jalan Garuda No. 81,4000063
1004,Yanto Hartono,087268029168,yanto.hartono@mail.com,Jalan Adiyaksa No. 74,4000092
1005,Aldo Siregar,089863917992,aldo.siregar@mail.com,Jalan Sudirman No. 18,4000075
1006,Hadi Simanjuntak,080518693436,hadi.simanjuntak@mail.com,Jalan Kenari No. 38,4000075
1007,Yudha Lestari,088555882673,yudha.lestari@mail.com,Jalan Adiyaksa No. 64,4000019
1008,Dian Rusli,084840394941,dian.rusli@mail.com,Jalan Sudirman No. 77,4000006
1009,Yanto Putra,085082262797,yanto.putra@mail.com,Jalan Mangga No. 70,4000066
1010,Aldo Sulistiyo,086130014136,aldo.sulistiyo@mail.com,Jalan Sudirman No. 56,4000008
1011,Imam Wibowo,080696215050,imam.wibowo@mail.com,Jalan Mangga No. 95,4000082
1012,Jaka Irawan,083493344342,jaka.irawan@mail.com,Jalan Adiyaksa No. 24,4000069
1013,Krisna Harjono,081199837810,krisna.harjono@mail.com,Jalan Merdeka No. 77,4000092
1014,Bambang Kamil,080953012342,bambang.kamil@mail.com,Jalan Mangga No. 72,4000043
1015,Ratna Maulana,088599109057,ratna.maulana@mail.com,Jalan Merdeka No. 56,4000037
1016,Nur Rusli,084339862807,nur.rusli@mail.com,Jalan Kenari No. 90,4000033
1017,Dian Firmansyah,089460174142,dian.firmansyah@mail.com,Jalan Merdeka No. 65,4000084
1018,Jaya Surya,086184541160,jaya.surya@mail.com,Jalan Raya No. 95,4000006
1019,Rini Saputra,084843175099,rini.saputra@mail.com,Jalan Kenari No. 40,4000080
1020,Ivan Juwono,081131252646,ivan.juwono@mail.com,Jalan Pahlawan No. 62,4000008
1021,Krisna Purnama,086941529995,krisna.purnama@mail.com,Jalan Sudirman No. 67,4000010
1022,Wulan Nugroho,088163669910,wulan.nugroho@mail.com,Jalan Pahlawan No. 78,4000041
1023,Sari Hartono,087597482185,sari.hartono@mail.com,Jalan Adiyaksa No. 61,4000012
1024,Kadek Mansur,086873871406,kadek.mansur@mail.com,Jalan Sudirman No. 10,4000011
1025,Fitri Purnama,086838786121,fitri.purnama@mail.com,Jalan Adiyaksa No. 14,4000083
1026,Rini Harjono,084632716355,rini.harjono@mail.com,Jalan Garuda No. 51,4000045
1027,Jaya Surya,082021205392,jaya.surya@mail.com,Jalan Garuda No. 45,4000079
1028,Dewi Wibowo,087532392733,dewi.wibowo@mail.com,Jalan Sudirman No. 25,4000057
1029,Yudha Indarto,089507095102,yudha.indarto@mail.com,Jalan Merdeka No. 64,4000081
1030,Rina Mulyana,080762261628,rina.mulyana@mail.com,Jalan Adiyaksa No. 16,4000045
1031,Joko Simanjuntak,089206725132,joko.simanjuntak@mail.com,Jalan Garuda No. 23,4000074
1032,Bambang Ramadhan,086867016060,bambang.ramadhan@mail.com,Jalan Kenari No. 36,4000086
1033,Laras Sulistiyo,080104957171,laras.sulistiyo@mail.com,Jalan Mangga No. 22,4000015
1034,Hadi Kusuma,087495916350,hadi.kusuma@mail.com,Jalan Mangga No. 79,4000039
1035,Jaka Kusuma,088447389743,jaka.kusuma@mail.com,Jalan Mangga No. 7,4000048
1036,Laras Ginting,083161249263,laras.ginting@mail.com,Jalan Kenari No. 90,4000040
1037,Nanda Setiawan,080854925395,nanda.setiawan@mail.com,Jalan Raya No. 6,4000040
1038,Taufik Prasetya,082508495367,taufik.prasetya@mail.com,Jalan Adiyaksa No. 85,4000033
1039,Lia Sari,081651622574,lia.sari@mail.com,Jalan Raya No. 48,4000100
1040,Joko Surya,080642872834,joko.surya@mail.com,Jalan Sudirman No. 1,4000092
1041,Krisna Pratama,082226824945,krisna.pratama@mail.com,Jalan Pahlawan No. 99,4000086
1042,Bagus Sulistiyo,080196387870,bagus.sulistiyo@mail.com,Jalan Merdeka No. 74,4000039
1043,Intan Pratama,081071906633,intan.pratama@mail.com,Jalan Garuda No. 14,4000097
1044,Mega Anggraeni,085399293329,mega.anggraeni@mail.com,Jalan Sudirman No. 58,4000092
1045,Arum Syafruddin,087815969075,arum.syafruddin@mail.com,Jalan Merdeka No. 31,4000070
1046,Mega Rusli,086235824335,mega.rusli@mail.com,Jalan Adiyaksa No. 97,4000061
1047,Joko Putra,087868314964,joko.putra@mail.com,Jalan Garuda No. 35,4000097
1048,Laras Hartono,088459000800,laras.hartono@mail.com,Jalan Mangga No. 82,4000037
1049,Eka Juwono,087722350474,eka.juwono@mail.com,Jalan Garuda No. 90,4000026
1050,Sinta Anggraeni,081316700650,sinta.anggraeni@mail.com,Jalan Garuda No. 9,4000001
1051,Bagus Indarto,081847031406,bagus.indarto@mail.com,Jalan Kenari No. 43,4000036
1052,Nina Putra,087980836201,nina.putra@mail.com,Jalan Merdeka No. 49,4000042
1053,Imam Purnama,086036445069,imam.purnama@mail.com,Jalan Pahlawan No. 43,4000052
1054,Dian Kusuma,082378075891,dian.kusuma@mail.com,Jalan Sudirman No. 53,4000085
1055,Irfan Abdullah,086410652933,irfan.abdullah@mail.com,Jalan Raya No. 100,4000044
1056,Gita Maulana,084187751448,gita.maulana@mail.com,Jalan Mangga No. 78,4000092
1057,Hadi Mansur,087639241571,hadi.mansur@mail.com,Jalan Merdeka No. 49,4000081
1058,Yudha Mansur,085004951440,yudha.mansur@mail.com,Jalan Raya No. 17,4000028
1059,Cahaya Lubis,081198117613,cahaya.lubis@mail.com,Jalan Pahlawan No. 86,4000060
1060,Ivan Simatupang,083872477457,ivan.simatupang@mail.com,Jalan Adiyaksa No. 42,4000071
1061,Rina Sulistiyo,088345922352,rina.sulistiyo@mail.com,Jalan Merdeka No. 39,4000075
1062,Sari Saputra,084555501961,sari.saputra@mail.com,Jalan Sudirman No. 69,4000087
1063,Arum Maulana,082584373161,arum.maulana@mail.com,Jalan Sudirman No. 76,4000039
1064,Rini Lestari,085198629785,rini.lestari@mail.com,Jalan Mangga No. 100,4000069
1065,Hana Putra,084282247320,hana.putra@mail.com,Jalan Pahlawan No. 86,4000069
1066,Joko Pratama,083445138562,joko.pratama@mail.com,Jalan Pahlawan No. 83,4000007
1067,Hadi Purnama,088220174220,hadi.purnama@mail.com,Jalan Sudirman No. 51,4000070
1068,Hana Perdana,087607222816,hana.perdana@mail.com,Jalan Pahlawan No. 55,4000050
1069,Nia Lubis,086598497270,nia.lubis@mail.com,Jalan Sudirman No. 55,4000094
1070,Bagus Mulyana,088549779867,bagus.mulyana@mail.com,Jalan Raya No. 85,4000037
1071,Yanto Setiawan,081879590671,yanto.setiawan@mail.com,Jalan Pahlawan No. 58,4000007
1072,Cinta Mustofa,082046267334,cinta.mustofa@mail.com,Jalan Mangga No. 25,4000082
1073,Kartika Anggraeni,084967141105,kartika.anggraeni@mail.com,Jalan Adiyaksa No. 14,4000098
1074,Eka Hakim,081978624333,eka.hakim@mail.com,Jalan Mangga No. 37,4000071
1075,Nanda Sitorus,087470327816,nanda.sitorus@mail.com,Jalan Garuda No. 77,4000048
1076,Fitri Mustofa,087090976867,fitri.mustofa@mail.com,Jalan Pahlawan No. 100,4000023
1077,Rina Purnama,080809480818,rina.purnama@mail.com,Jalan Adiyaksa No. 25,4000011
1078,Dinda Putra,089393146183,dinda.putra@mail.com,Jalan Pahlawan No. 35,4000022
1079,Jaka Prabowo,081791723430,jaka.prabowo@mail.com,Jalan Raya No. 28,4000025
1080,Cahaya Rusli,084983080700,cahaya.rusli@mail.com,Jalan Merdeka No. 8,4000024
1081,Jaka Purnama,083458218931,jaka.purnama@mail.com,Jalan Merdeka No. 34,4000042
1082,Tari Baskara,082630904459,tari.baskara@mail.com,Jalan Raya No. 54,4000001
1083,Indah Pratama,087554697375,indah.pratama@mail.com,Jalan Pahlawan No. 55,4000040
1084,Kania Maulana,089119924976,kania.maulana@mail.com,Jalan Mangga No. 91,4000099
1085,Imam Saputra,084925759526,imam.saputra@mail.com,Jalan Merdeka No. 37,4000016
1086,Nia Zulkarnain,086344887389,nia.zulkarnain@mail.com,Jalan Merdeka No. 23,4000051
1087,Mega Simanjuntak,088658032322,mega.simanjuntak@mail.com,Jalan Kenari No. 37,4000041
1088,Jaya Mulyana,084897867011,jaya.mulyana@mail.com,Jalan Sudirman No. 97,4000033
1089,Kartika Mustofa,084488417643,kartika.mustofa@mail.com,Jalan Pahlawan No. 91,4000067
1090,Bayu Wibowo,081665913169,bayu.wibowo@mail.com,Jalan Mangga No. 56,4000025
1091,Tari Indarto,081144369214,tari.indarto@mail.com,Jalan Raya No. 8,4000020
1092,Cinta Prasetya,083923409884,cinta.prasetya@mail.com,Jalan Garuda No. 80,4000008
1093,Krisna Firmansyah,085358041960,krisna.firmansyah@mail.com,Jalan Pahlawan No. 63,4000055
1094,Yudha Prasetya,084830713205,yudha.prasetya@mail.com,Jalan Merdeka No. 76,4000034
1095,Eka Darmawan,087965966786,eka.darmawan@mail.com,Jalan Kenari No. 83,4000086
1096,Nina Sitorus,085136316231,nina.sitorus@mail.com,Jalan Raya No. 86,4000014
1097,Nanda Pratama,084710285318,nanda.pratama@mail.com,Jalan Raya No. 12,4000046
1098,Kartika Mansur,085206682843,kartika.mansur@mail.com,Jalan Raya No. 94,4000047
1099,Fadil Nasution,081248985560,fadil.nasution@mail.com,Jalan Merdeka No. 73,4000027
1100,Dharma Kamil,081552616375,dharma.kamil@mail.com,Jalan Merdeka No. 79,4000041
